GeneName	Mutation	AminoAcidChange	Chromosome	Position	Ref	Alt	MutationFrequency	GeneLevelTPM
CTNNB1	c.133T>C	p.S45P	chr3	41224645	T	C	11	8899.99
TP53	c.747G>T	p.R249S	chr17	7674216	C	A	10	1217
CTNNB1	c.95A>G	p.D32G	chr3	41224607	A	G	7	8899.99
CTNNB1	c.98C>G	p.S33C	chr3	41224610	C	G	6	8899.99
CTNNB1	c.1004A>T	p.K335I	chr3	41227275	A	T	5	8899.99
CTNNB1	c.121A>G	p.T41A	chr3	41224633	A	G	5	8899.99
CTNNB1	c.95A>T	p.D32V	chr3	41224607	A	T	5	8899.99
EEF1A1	c.1294A>T	p.T432S	chr6	73517905	T	A	4	89671
EEF1A1	c.1295C>T	p.T432I	chr6	73517904	G	A	4	89671
CTNNB1	c.134C>T	p.S45F	chr3	41224646	C	T	4	8899.99
CTNNB1	c.97T>C	p.S33P	chr3	41224609	T	C	4	8899.99
GNAS	c.601C>T	p.R201C	chr20	58909365	C	T	3	23758
CTNNB1	c.104T>G	p.I35S	chr3	41224616	T	G	3	8899.99
CTNNB1	c.107A>C	p.H36P	chr3	41224619	A	C	3	8899.99
CTNNB1	c.134C>A	p.S45Y	chr3	41224646	C	A	3	8899.99
CTNNB1	c.94G>A	p.D32N	chr3	41224606	G	A	3	8899.99
CTNNB1	c.98C>A	p.S33Y	chr3	41224610	C	A	3	8899.99
TP53	c.469G>T	p.V157F	chr17	7675143	C	A	3	1217
TP53	c.578A>G	p.H193R	chr17	7674953	T	C	3	1217
PIK3CA	c.3140A>G	p.H1047R	chr3	179234297	A	G	3	374
