GeneName	Chromosome	Position	Ref	Alt	Mutation	AminoAcidChange	GeneLevelTPM	MutationFrequency	VariantClassification	TranscriptID	ProteinID	HGVSc	HGVSp	ProteinPositionFull	AminoAcids	CANONICAL	MANE	ProteinPosition	ProteinLength	ReferenceAA	MutantAA
CTNNB1	3	41224606	G	A	c.94G>A	p.D32N	8899.99	3	Missense_Mutation	ENST00000349496	ENSP00000344456	c.94G>A	p.Asp32Asn	32/781	D/N		NM_001904.4	32	781	D	N
CTNNB1	3	41224607	A	G	c.95A>G	p.D32G	8899.99	7	Missense_Mutation	ENST00000349496	ENSP00000344456	c.95A>G	p.Asp32Gly	32/781	D/G		NM_001904.4	32	781	D	G
CTNNB1	3	41224607	A	T	c.95A>T	p.D32V	8899.99	5	Missense_Mutation	ENST00000349496	ENSP00000344456	c.95A>T	p.Asp32Val	32/781	D/V		NM_001904.4	32	781	D	V
CTNNB1	3	41224609	T	C	c.97T>C	p.S33P	8899.99	4	Missense_Mutation	ENST00000349496	ENSP00000344456	c.97T>C	p.Ser33Pro	33/781	S/P		NM_001904.4	33	781	S	P
CTNNB1	3	41224610	C	A	c.98C>A	p.S33Y	8899.99	3	Missense_Mutation	ENST00000349496	ENSP00000344456	c.98C>A	p.Ser33Tyr	33/781	S/Y		NM_001904.4	33	781	S	Y
CTNNB1	3	41224610	C	G	c.98C>G	p.S33C	8899.99	6	Missense_Mutation	ENST00000349496	ENSP00000344456	c.98C>G	p.Ser33Cys	33/781	S/C		NM_001904.4	33	781	S	C
CTNNB1	3	41224616	T	G	c.104T>G	p.I35S	8899.99	3	Missense_Mutation	ENST00000349496	ENSP00000344456	c.104T>G	p.Ile35Ser	35/781	I/S		NM_001904.4	35	781	I	S
CTNNB1	3	41224619	A	C	c.107A>C	p.H36P	8899.99	3	Missense_Mutation	ENST00000349496	ENSP00000344456	c.107A>C	p.His36Pro	36/781	H/P		NM_001904.4	36	781	H	P
CTNNB1	3	41224633	A	G	c.121A>G	p.T41A	8899.99	5	Missense_Mutation	ENST00000349496	ENSP00000344456	c.121A>G	p.Thr41Ala	41/781	T/A		NM_001904.4	41	781	T	A
CTNNB1	3	41224645	T	C	c.133T>C	p.S45P	8899.99	11	Missense_Mutation	ENST00000349496	ENSP00000344456	c.133T>C	p.Ser45Pro	45/781	S/P		NM_001904.4	45	781	S	P
CTNNB1	3	41224646	C	A	c.134C>A	p.S45Y	8899.99	3	Missense_Mutation	ENST00000349496	ENSP00000344456	c.134C>A	p.Ser45Tyr	45/781	S/Y		NM_001904.4	45	781	S	Y
CTNNB1	3	41224646	C	T	c.134C>T	p.S45F	8899.99	4	Missense_Mutation	ENST00000349496	ENSP00000344456	c.134C>T	p.Ser45Phe	45/781	S/F		NM_001904.4	45	781	S	F
CTNNB1	3	41227275	A	T	c.1004A>T	p.K335I	8899.99	5	Missense_Mutation	ENST00000349496	ENSP00000344456	c.1004A>T	p.Lys335Ile	335/781	K/I		NM_001904.4	335	781	K	I
EEF1A1	6	73517904	G	A	c.1295C>T	p.T432I	89671	4	Missense_Mutation	ENST00000309268	ENSP00000339053	c.1295C>T	p.Thr432Ile	432/462	T/I		NM_001402.6	432	462	T	I
EEF1A1	6	73517905	T	A	c.1294A>T	p.T432S	89671	4	Missense_Mutation	ENST00000309268	ENSP00000339053	c.1294A>T	p.Thr432Ser	432/462	T/S		NM_001402.6	432	462	T	S
GNAS	20	58909365	C	T	c.601C>T	p.R201C	23758	3	Missense_Mutation	ENST00000371085	ENSP00000360126	c.601C>T	p.Arg201Cys	201/394	R/C			201	394	R	C
PIK3CA	3	179234297	A	G	c.3140A>G	p.H1047R	374	3	Missense_Mutation	ENST00000263967	ENSP00000263967	c.3140A>G	p.His1047Arg	1047/1068	H/R	YES	NM_006218.4	1047	1068	H	R
TP53	17	7674216	C	A	c.747G>T	p.R249S	1217	10	Missense_Mutation	ENST00000269305	ENSP00000269305	c.747G>T	p.Arg249Ser	249/393	R/S	YES	NM_000546.6	249	393	R	S
TP53	17	7674953	T	C	c.578A>G	p.H193R	1217	3	Missense_Mutation	ENST00000269305	ENSP00000269305	c.578A>G	p.His193Arg	193/393	H/R	YES	NM_000546.6	193	393	H	R
TP53	17	7675143	C	A	c.469G>T	p.V157F	1217	3	Missense_Mutation	ENST00000269305	ENSP00000269305	c.469G>T	p.Val157Phe	157/393	V/F	YES	NM_000546.6	157	393	V	F
